student,college,college_clean,done,exclude,notes
Breza,A&M-Corpus Christi,A&M-Corpus Christi,,,
Breza,AIB College of Business,AIB College of Business,,,
Breza,APEC,APEC,,,
Breza,ASA College,ASA College,,,
Breza,ASU,ASU,,,
Breza,Abilene Christian,Abilene Christian,,,
Breza,Abilene Christian University,Abilene Christian University,,,
Breza,Academy of Art,Academy of Art,,,
Breza,Academy of Art University,Academy of Art University,,,
Breza,Academy of the Holy Cross,Academy of the Holy Cross,,,
Breza,Adams State,Adams State,,,
Breza,Adams State University,Adams State University,,,
Breza,Adelphi,Adelphi,,,
Breza,Adelphi University,Adelphi University,,,
Breza,Agnes Scott,Agnes Scott,,,
Breza,Agnes Scott College,Agnes Scott College,,,
Breza,Air Force,Air Force,,,
Breza,Air Force Academy,Air Force Academy,,,
Breza,Akron,Akron,,,
Breza,Akron University,Akron University,,,
Breza,Alabama,Alabama,,,
Breza,Alabama A & M,Alabama A & M,,,
Breza,Alabama A&M,Alabama A&M,,,
Breza,Alabama Southern Community College,Alabama Southern Community College,,,
Breza,Alabama State,Alabama State,,,
Breza,Alabama-Huntsville,Alabama-Huntsville,,,
Breza,Alameda College,Alameda College,,,
Breza,Alaska Fairbanks,Alaska Fairbanks,,,
Breza,Alaska-Anchorage,Alaska-Anchorage,,,
Breza,Albany,Albany,,,
Breza,Albertus Magnus,Albertus Magnus,,,
Breza,Alcorn State,Alcorn State,,,
Breza,Alfred University,Alfred University,,,
Breza,Allegheny College,Allegheny College,,,
Breza,Allen Community College,Allen Community College,,,
Breza,Allen County CC,Allen County CC,,,
Breza,Allen County Community College,Allen County Community College,,,
Breza,Allen University,Allen University,,,
Breza,Alma College,Alma College,,,
Breza,American,American,,,
Breza,American International College,American International College,,,
Breza,American University,American University,,,
Breza,Anderson,Anderson,,,
Breza,Anderson University,Anderson University,,,
Breza,Angelina College,Angelina College,,,
Breza,Angelo State,Angelo State,,,
Breza,Angelo State University,Angelo State University,,,
Breza,Anne Arundel Community College,Anne Arundel Community College,,,
Breza,Anoka Ramsey Community College,Anoka Ramsey Community College,,,
Breza,Appalachian State,Appalachian State,,,
Breza,Appalachian State University,Appalachian State University,,,
Breza,Arcadia,Arcadia,,,
Breza,Arcadia University,Arcadia University,,,
Breza,Arizona,Arizona,,,
Breza,Arizona Christian University,Arizona Christian University,,,
Breza,Arizona State,Arizona State,,,
Breza,Arizona State University,Arizona State University,,,
Breza,Arizona Western College,Arizona Western College,,,
Breza,Arkansas,Arkansas,,,
Breza,Arkansas State,Arkansas State,,,
Breza,Arkansas State University,Arkansas State University,,,
Breza,Arkansas Tech,Arkansas Tech,,,
Breza,Arkansas at Little Rock,Arkansas at Little Rock,,,
Breza,Arkansas – Fort Smith,Arkansas – Fort Smith,,,
Breza,Arkansas-Fort Smith,Arkansas-Fort Smith,,,
Breza,Arkansas-Little Rock,Arkansas-Little Rock,,,
Breza,Arkansas-Monticello,Arkansas-Monticello,,,
Breza,Arkansas-Pine Bluff,Arkansas-Pine Bluff,,,
Breza,Armstrong Atlantic State,Armstrong Atlantic State,,,
Breza,Armstrong State,Armstrong State,,,
Breza,Armstrong State College,Armstrong State College,,,
Breza,Army,Army,,,
Breza,Army West Point,Army West Point,,,
Breza,Ashford,Ashford,,,
Breza,Ashland University,Ashland University,,,
Breza,Atlanta Bucks,Atlanta Bucks,,,
Breza,Atlanta Dream,Atlanta Dream,,,
Breza,Atlanta Metropolitan College,Atlanta Metropolitan College,,,
Breza,Auburn,Auburn,,,
Breza,Auburn University at Montgomery,Auburn University at Montgomery,,,
Breza,Augsburg College,Augsburg College,,,
Breza,Augusta,Augusta,,,
Breza,Augusta College,Augusta College,,,
Breza,Augusta State University,Augusta State University,,,
Breza,Augusta University,Augusta University,,,
Breza,Augustana,Augustana,,,
Breza,Augustana (S.D.) College,Augustana (S.D.) College,,,
Breza,Augustana University,Augustana University,,,
Breza,Aurora,Aurora,,,
Breza,Austin Peay,Austin Peay,,,
Breza,Austin Peay State University,Austin Peay State University,,,
Breza,Austin Spurs,Austin Spurs,,,
Breza,Averett University,Averett University,,,
Breza,Azusa Pacific,Azusa Pacific,,,
Breza,BGSU,BGSU,,,
Breza,BYU,BYU,,,
Breza,Bakersfield,Bakersfield,,,
Breza,Ball State,Ball State,,,
Breza,Barry,Barry,,,
Breza,Barry University,Barry University,,,
Breza,Barton Community College,Barton Community College,,,
Breza,Bates College,Bates College,,,
Breza,Baton Rouge Community College,Baton Rouge Community College,,,
Breza,Baylor,Baylor,,,
Breza,Bellarmine,Bellarmine,,,
Breza,Bellarmine University,Bellarmine University,,,
Breza,Bellevue University,Bellevue University,,,
Breza,Belmont,Belmont,,,
Breza,Belmont Abbey,Belmont Abbey,,,
Breza,Belmont Abbey College,Belmont Abbey College,,,
Breza,Bemidji State,Bemidji State,,,
Breza,Benedict College,Benedict College,,,
Breza,Benedictine University,Benedictine University,,,
Breza,Berea College,Berea College,,,
Breza,Berry College,Berry College,,,
Breza,Bethel University,Bethel University,,,
Breza,Bethesda University,Bethesda University,,,
Breza,Bethune-Cookman,Bethune-Cookman,,,
Breza,Bethune-Cookman University,Bethune-Cookman University,,,
Breza,Big Bend Community College,Big Bend Community College,,,
Breza,Binghamton,Binghamton,,,
Breza,Binghamton University,Binghamton University,,,
Breza,Biola University,Biola University,,,
Breza,Birmingham Southern,Birmingham Southern,,,
Breza,Black Hills State,Black Hills State,,,
Breza,Boise State,Boise State,,,
Breza,Boston,Boston,,,
Breza,Boston Celtics,Boston Celtics,,,
Breza,Boston College,Boston College,,,
Breza,Boston University,Boston University,,,
Breza,Bowie State,Bowie State,,,
Breza,Bowling Green,Bowling Green,,,
Breza,Bowling Green State,Bowling Green State,,,
Breza,Bowling Green State University,Bowling Green State University,,,
Breza,Bradley,Bradley,,,
Breza,Bradley University,Bradley University,,,
Breza,Brevard College,Brevard College,,,
Breza,Brevard Community College,Brevard Community College,,,
Breza,Brewton-Parker College,Brewton-Parker College,,,
Breza,Briar Cliff,Briar Cliff,,,
Breza,Bridgeport,Bridgeport,,,
Breza,Bridgewater,Bridgewater,,,
Breza,Brigham Young,Brigham Young,,,
Breza,Brooklyn Nets,Brooklyn Nets,,,
Breza,Brown,Brown,,,
Breza,Brown University,Brown University,,,
Breza,Bryant,Bryant,,,
Breza,Bryant & Stratton College,Bryant & Stratton College,,,
Breza,Bryn Athyn,Bryn Athyn,,,
Breza,Bryn Mawr College,Bryn Mawr College,,,
Breza,Bucknell,Bucknell,,,
Breza,Bucknell University,Bucknell University,,,
Breza,Buffalo,Buffalo,,,
Breza,Buffalo Sabres,Buffalo Sabres,,,
Breza,Buffalo State,Buffalo State,,,
Breza,Buffalo State College,Buffalo State College,,,
Breza,Butler,Butler,,,
Breza,Butler Community College,Butler Community College,,,
Breza,Butte Community College,Butte Community College,,,
Breza,CCNY,CCNY,,,
Breza,CSU Bakersfield,CSU Bakersfield,,,
Breza,CSU Fullerton,CSU Fullerton,,,
Breza,CSU Monterey Bay,CSU Monterey Bay,,,
Breza,CSUN,CSUN,,,
Breza,CSUSM,CSUSM,,,
Breza,Cal,Cal,,,
Breza,Cal Baptist,Cal Baptist,,,
Breza,Cal Baptist University,Cal Baptist University,,,
Breza,Cal Poly,Cal Poly,,,
Breza,Cal Poly Pomona,Cal Poly Pomona,,,
Breza,Cal State - Monterey Bay,Cal State - Monterey Bay,,,
Breza,Cal State Bakersfield,Cal State Bakersfield,,,
Breza,Cal State Chico,Cal State Chico,,,
Breza,Cal State Dominguez Hills,Cal State Dominguez Hills,,,
Breza,Cal State East Bay,Cal State East Bay,,,
Breza,Cal State Fullerton,Cal State Fullerton,,,
Breza,Cal State Hayward,Cal State Hayward,,,
Breza,Cal State LA,Cal State LA,,,
Breza,Cal State Los Angeles,Cal State Los Angeles,,,
Breza,Cal State Monterey Bay,Cal State Monterey Bay,,,
Breza,Cal State Northridge,Cal State Northridge,,,
Breza,Cal State San Bernardino,Cal State San Bernardino,,,
Breza,Cal State San Marcos,Cal State San Marcos,,,
Breza,Cal State Stanislaus,Cal State Stanislaus,,,
Breza,Cal State University San Bernardino,Cal State University San Bernardino,,,
Breza,Cal State-Dominguez Hills,Cal State-Dominguez Hills,,,
Breza,Caldwell College,Caldwell College,,,
Breza,Caldwell University,Caldwell University,,,
Breza,California,California,,,
Breza,California Baptist,California Baptist,,,
Breza,California State Bakersfield,California State Bakersfield,,,
Breza,California State Fullerton,California State Fullerton,,,
Breza,California State University Maritime Academy,California State University Maritime Academy,,,
Breza,"California State University, Northridge","California State University, Northridge",,,
Cherry,Caltech,Caltech,x,,
Cherry,Calvary Christian,Calvary Christian,x,,
Cherry,Cameron University,Cameron University,x,,
Cherry,Campbell,Campbell,x,,
Cherry,Campbell University,Campbell,x,,
Cherry,Canada,Canada,x,,
Cherry,Canisius,Canisius,x,,
Cherry,Canisius College,Canisius,x,,
Cherry,Cape Fear Community College,Cape Fear CC,x,,
Cherry,Carnegie Mellon,Carnegie Mellon,x,,
Cherry,Carolina Panthers,Carolina Panthers,x,Y,nfl team
Cherry,Carolina University,Carolina University,x,,
Cherry,Carson-Newman,Carson-Newman,x,,
Cherry,Carson-Newman College,Carson-Newman,x,,
Cherry,Case Western Reserve University,Case Western Reserve,x,,
Cherry,Casper Community College,Casper CC,x,,
Cherry,Catawba College,Catawba College,x,,
Cherry,Cazenovia College,Cazenovia College,x,,
Cherry,Cedarville,Cedarville,x,,
Cherry,Centenary,Centenary,x,,
Cherry,Centenary College,Centenary,x,,
Cherry,Centenary College of Louisiana,Centenary,x,,
Cherry,Central Arizona College,Central Arizona College,x,,
Cherry,Central Arkansas,Central Arkansas,x,,
Cherry,Central Connecticut,Central Connecticut,x,,
Cherry,Central Connecticut State,Central Connecticut,x,,
Cherry,Central Connecticut State University,Central Connecticut,x,,
Cherry,Central Florida,Central Florida,x,,
Cherry,Central Methodist,Central Methodist,x,,
Cherry,Central Methodist University,Central Methodist,x,,
Cherry,Central Michigan,Central Michigan,x,,
Cherry,Central Michigan University,Central Michigan,x,,
Cherry,Central Missouri,Central Missouri,x,,
Cherry,Central Washington,Central Washington,x,,
Cherry,Central Washington University,Central Washington,x,,
Cherry,Chaffey CC,Chaffey CC,x,,
Cherry,Chandler Gilbert Community College,Chandler Gilbert CC,x,,
Cherry,Chandler-Gilbert Community College,Chandler Gilbert CC,x,,
Cherry,Charleston Southern,Charleston Southern,x,,
Cherry,Charleston Southern University,Charleston Southern,x,,
Cherry,Charlotte,Charlotte,x,,
Cherry,Charlotte Hornets,Charlotte Hornets,x,Y,nba team
Cherry,Chatham University,Chatham University,x,,
Cherry,Chattahoochee Valley Community College,Chattahoochee Valley CC,x,,
Cherry,Chattanooga,Chattanooga,x,,
Cherry,Chesapeake,Chesapeake,x,,
Cherry,Chesapeake College,Chesapeake,x,,
Cherry,Chestnut Hill,Chestnut Hill,x,,
Cherry,Chestnut Hill College,Chestnut Hill,x,,
Cherry,Cheyney,Cheyney,x,,
Cherry,Cheyney University of Pennsylvania,Cheyney,x,,
Cherry,Chicago Bulls,Chicago Bulls,x,Y,nba tem
Cherry,Chicago Sky,Chicago Sky,x,Y,wnba team
Cherry,Chicago State,Chicago State,x,,
Cherry,Chicago White Sox,Chicago White Sox,x,Y,mlb team
Cherry,Chico State,Chico State,x,,
Cherry,Chipola College,Chipola College,x,,
Cherry,Chowan,Chowan,x,,
Cherry,Christian Brothers,Christian Brothers,x,,
Cherry,Christian Brothers University,Christian Brothers,x,,
Cherry,Christopher Newport,Christopher Newport,x,,
Cherry,Cincinnati,Cincinnati,x,,
Cherry,Cisco College,Cisco JC,x,,
Cherry,Cisco Junior College,Cisco JC,x,,
Cherry,City College of New York,City College of New York,x,,
Cherry,Clackamas Community College,Clackamas CC,x,,
Cherry,Claflin,Claflin,x,,
Cherry,Claflin University,Claflin,x,,
Cherry,Claredon College,Claredon,x,,
Cherry,Claremont-Mudd-Scripps,Claremont-Mudd-Scripps,x,,
Cherry,Clarendon College,Claredon,x,,
Cherry,Clarion,Clarion,x,,
Cherry,Clark College,Clark CC,x,,
Cherry,Clarke,Clarke,x,,
Cherry,Clarke University,Clarke,x,,
Cherry,Clarkson University,Clarkson,x,,
Cherry,Clayton State University,Clayton,x,,
Cherry,Cleary University,Cleary,x,,
Cherry,Clemson,Clemson,x,,
Cherry,Clemson University,Clemson,x,,
Cherry,Cleveland Cavaliers,Cleveland Cavaliers,x,Y,nba team
Cherry,Cleveland Rockers,Cleveland Rockers,x,Y,wnba team
Cherry,Cleveland State,Cleveland State CC,x,,
Cherry,Cleveland State Community College,Cleveland State CC,x,,
Cherry,Cleveland State University,Cleveland State,x,,
Cherry,Clinton College,Clinton College,x,,
Cherry,Clinton Prairie,Clinton Prairie,x,Y,high school
Cherry,Coahoma CC,Coahoma CC,x,,
Cherry,Coastal Carolina,Coastal Carolina,x,,
Cherry,Cochise College,Cochise College,x,,
Cherry,Coe College,Coe College,x,,
Cherry,Coker,Coker,x,,
Cherry,Coker University,Coker,x,,
Cherry,Colby College,Colby College,x,,
Cherry,Colby Community College,Colby CC,x,,
Cherry,Colby-Sawyer College,Colby-Sawyer College,x,,
Cherry,Colgate,Colgate,x,,
Cherry,College of Charleston,Charleston,x,,
Cherry,College of Coastal Georgia,Coastal Georgia,x,,
Cherry,College of Idaho,College of Idaho,x,,
Cherry,College of New Rochelle,New Rochelle,x,,
Cherry,College of Saint Mary,St. Mary,x,,
Cherry,College of Southern Idaho,Southern Idaho,x,,
Cherry,College of St. Mary,St. Mary,x,,
Cherry,College of William & Mary,William & Mary,x,,
Cherry,College of the Holy Cross,Holy Cross,x,,
Cherry,College of the Redwoods,Rredwoods CC,x,,
Cherry,Colorado,Colorado,x,,
Cherry,Colorado College,Colorado College,x,,
Cherry,Colorado State,Colorado State,x,,
Cherry,Colorado State-Pueblo,Colorado State,x,,
Cherry,Colorado-Colorado Springs,Colorado,x,,
Cherry,Columbia,Columbia,x,,
Cherry,Columbia College,Columbia College,x,,
Cherry,Columbia College (MO),Columbia College (MO),x,,
Cherry,Columbia University,Columbia,x,,
Cherry,Columbus State,Columbus State,x,,
Cherry,Columbus State University,Columbus State,x,,
Cherry,"Community College of Baltimore County, Essex",CC Baltimore County,x,,
Cherry,Community College of Philadelphia,CC Philadelphis,x,,
Cherry,Community College of Rhode Island,CC Rhode Island,x,,
Cherry,Concordia,Concordia,x,,
Cherry,Concordia (Mich.),Concordia (MI),x,,
Cherry,Concordia University,Concordia,x,,
Cherry,Concordia-St. Paul,Concordia,x,,
Cherry,Connecticut,Connecticut,x,,
Cherry,Connecticut College,Connecticut College,x,,
Cherry,Connecticut Sun,Connecticut Sun,x,Y,wnba
Cherry,Connors State College,Connors,x,,
Cherry,Converse College,Converse,x,,
Cherry,Converse University,Converse,x,,
Cherry,Copiah-Lincoln Community College,Copiah-Lincoln CC,x,,
Cherry,Coppin State,Coppin State,x,,
Cherry,Coppin State University,Coppin State,x,,
Cherry,Cornell,Cornell,x,,
Cherry,Cornell University,Cornell,x,,
Cherry,Cornerstone University,Cornerstone,x,,
Cherry,Coventry University,Coventry,x,,
Cherry,Creighton,Creighton,x,,
Cherry,Creighton University,Creighton,x,,
Cherry,Crown,Crown,x,,
Cherry,Culver-Stockton College,Culver-Stockton College,x,,
Cherry,Cuyahoga Community College,Cuyahoga CC,x,,
Cherry,D'Youville,D'Youville,x,,
Cherry,Daemen College,Daemen,x,,
Cherry,Daemen University,Daemen,x,,
Cherry,Dakota Wesleyan,Dakota Wesleyan,x,,
Cherry,Dallas Mavericks,Dallas Mavericks,x,Y,nba
Cherry,Dallas Wings,Dallas Wings,x,Y,wnba
Cherry,Danville Area Community College,Danville Area CC,x,,
Cherry,Dartmouth,Dartmouth,x,,
Cherry,Dartmouth College,Dartmouth,x,,
Cherry,Davenport University,Davenport,x,,
Cherry,Davidson,Davidson,x,,
Cherry,Davidson College,Davidson,x,,
Cherry,Dayton,Dayton,x,,
Cherry,Daytona State,Dayton,x,,
Cherry,Daytona State College,Dayton,x,,
Cherry,DePaul,DePaul,x,,
Cherry,Dean College,Dean,x,,
Cherry,Defiance College,Defiance,x,,
Cherry,Delaware,Delaware,x,,
Cherry,Delaware State,Delaware State,x,,
Cherry,Delta State,Delta State,x,,
Cherry,Delta State University,Delta State,x,,
Cherry,Denver,Denver,x,,
Cherry,Denver Nuggets,Denver Nuggets,x,Y,nba
Cherry,Detroit,Detroit,x,,
Cherry,Detroit Mercy,Detroit Mercy,x,,
Cherry,Detroit Pistons,Detroit Pistons,x,Y,nba
Cherry,Diablo Valley College,Diablo Valley CC,x,,
Cherry,Dickinson College,Dickinson,x,,
Cherry,Dillard University,Dillard,x,,
Cherry,Dixie State,Dixie State,x,,
Cherry,Doane University,Doane,x,,
Cherry,Dodge City Community College,Dodge City CC,x,,
Cherry,Dominican University,Dominican,x,,
Cherry,Dominican University of California,Dominican,x,,
Cherry,Drake,Drake,x,,
Cherry,Drake University,Drake,x,,
Cherry,Drexel,Drexel,x,,
Cherry,Drexel University,Drexel,x,,
Cherry,Drury,Drury,x,,
Cherry,Drury University,Drury,x,,
Cherry,Dubuque,Dubuque,x,,
Cherry,Duke,Duke,x,,
Cherry,Duquesne,Duquesne,x,,
Cherry,Durham,Durham,x,,
Cohen,ETSU,ETSU,x,,
Cohen,East Carolina,East Carolina,x,,
Cohen,East Carolina University,East Carolina,x,,
Cohen,East Central,East Central CC,x,,
Cohen,East Central Community College,East Central CC,x,,
Cohen,East Georgia State College,East Georgia State College,x,,
Cohen,East Mississippi CC,East Mississippi CC,x,,
Cohen,East Mississippi Community College,East Mississippi CC,x,,
Cohen,East Stroudsburg,East Stroudsburg,x,,
Cohen,East Stroudsburg University,East Stroudsburg,x,,
Cohen,East Tennessee State,ETSU,x,,
Cohen,Eastern Arizona College,Eastern Arizona College,x,,
Cohen,Eastern Illinois,Eastern Illinois,x,,
Cohen,Eastern Kentucky,Eastern Kentucky,x,,
Cohen,Eastern Kentucky University,Eastern Kentucky,x,,
Cohen,Eastern Michigan,Eastern Michigan,x,,
Cohen,Eastern Michigan University,Eastern Michigan,x,,
Cohen,Eastern Nazarene College,Eastern Nazarene College,x,,
Cohen,Eastern New Mexico,Eastern New Mexico,x,,
Cohen,Eastern New Mexico University,Eastern New Mexico,x,,
Cohen,Eastern Oklahoma State College,Eastern Oklahoma State College,x,,
Cohen,Eastern Washington,Eastern Washington,x,,
Cohen,Eastern Washington University,Eastern Washington,x,,
Cohen,Eckerd College,Eckerd College,x,,
Cohen,Edgewood College,Edgewood College,x,,
Cohen,El Camino College,El Camino College,x,,
Cohen,Elizabeth City State,Elizabeth City State,x,,
Cohen,Elizabeth City State University,Elizabeth City State,x,,
Cohen,Elkins,Elkins,x,,
Cohen,Elmhurst,Elmhurst,x,,
Cohen,Elmira College,Elmira College,x,,
Cohen,Elon,Elon,x,,
Cohen,Embry-Riddle Aeronautical University,Embry-Riddle Aeronautical,x,,
Cohen,Emerson College,Emerson College,x,,
Cohen,Emmanuel College,Emmanuel College,x,,
Cohen,Emporia State,Emporia State,x,,
Cohen,Emporia State University,Emporia State,x,,
Cohen,Erie Community College,Erie CC,x,,
Cohen,Eureka College,Eureka College,x,,
Cohen,Evangel University,Evangel,x,,
Cohen,Evansville,Evansville,x,,
Cohen,Evergreen State,Evergreen State,x,,
Cohen,FDU,Fairleigh Dickinson,x,,
Cohen,FDU-Florham,Fairleigh Dickinson,x,,
Cohen,FIU,FIU,x,,
Cohen,Fairfield,Fairfield,x,,
Cohen,Fairfield University,Fairfield,x,,
Cohen,Fairleigh Dickinson,Fairleigh Dickinson,x,,
Cohen,Fairleigh Dickinson University,Fairleigh Dickinson,x,,
Cohen,Fairleigh Dickinson-Florham,Fairleigh Dickinson,x,,
Cohen,Fairleigh Dickinson-Madison,Fairleigh Dickinson-Madison,x,,
Cohen,Faulkner,Faulkner,x,,
Cohen,Faulkner University,Faulkner,x,,
Cohen,Fayetteville State,Fayetteville State,x,,
Cohen,Feather River College,Feather River College,x,,
Cohen,Ferris State,Ferris State,x,,
Cohen,Ferrum College,Ferrum College,x,,
Cohen,Flagler,Flagler,x,,
Cohen,Flagler College,Flagler,x,,
Cohen,Florida,Florida,x,,
Cohen,Florida A&M,Florida A&M,x,,
Cohen,Florida A&M University,Florida A&M,x,,
Cohen,Florida Atlantic,FAU,x,,
Cohen,Florida Atlantic University,FAU,x,,
Cohen,Florida College,Florida College,x,,
Cohen,Florida Gulf Coast,FGCU,x,,
Cohen,Florida Gulf Coast University,FCGU,x,,
Cohen,Florida International,FIU,x,,
Cohen,Florida International University,FIU,x,,
Cohen,Florida Memorial University,Florida Memorial,x,,
Cohen,Florida Southern,Florida Southern,x,,
Cohen,Florida Southern College,Florida Southern,x,,
Cohen,Florida Southwestern State,Florida Southwestern State,x,,
Cohen,Florida Southwestern State College,Florida Southwestern State,x,,
Cohen,Florida State,Florida State,x,,
Cohen,Florida State College at Jacksonville,Florida State College at Jacksonville,x,,
Cohen,Florida State University,Florida State,x,,
Cohen,Fordham,Fordham,x,,
Cohen,Fordham University,Fordham,x,,
Cohen,Fort Hays State,Fort Hays State,x,,
Cohen,Fort Lewis College,Fort Lewis College,x,,
Cohen,Fort Valley State,Fort Valley State,x,,
Cohen,Francis Marion,Francis Marion,x,,
Cohen,Frank Phillips College,Frank Phillips College,x,,
Cohen,Franklin College,Franklin College,x,,
Cohen,Franklin Pierce,Franklin Pierce,x,,
Cohen,Fresno Pacific,Fresno Pacific,x,,
Cohen,Fresno State,Fresno State,x,,
Cohen,Friends University,Friends,x,,
Cohen,Frostburg State,Frostburg State,x,,
Cohen,Fullerton College,Fullerton College,x,,
Cohen,Furman,Furman,x,,
Cohen,Gallaudet University,Gallaudet,x,,
Cohen,Gannon,Gannon,x,,
Cohen,Gannon University,Gannon,x,,
Cohen,Garden City Community College,Garden City CC,x,,
Cohen,Gardner Webb,Gardner Webb,x,,
Cohen,Gardner-Webb,Gardner-Webb,x,,
Cohen,Geneva College,Geneva College,x,,
Cohen,George Fox,George Fox,x,,
Cohen,George Fox University,George Fox,x,,
Cohen,George Mason,George Mason,x,,
Cohen,George Washington,George Washington,x,,
Cohen,George Washington University,George Washington,x,,
Cohen,Georgetown,Georgetown,x,,
Cohen,Georgetown College,Georgetown College,x,,
Cohen,Georgetown University,Georgetown,x,,
Cohen,Georgia,Georgia,x,,
Cohen,Georgia College & State University,Georgia College and State,x,,
Cohen,Georgia College and State University,Georgia College and State,x,,
Cohen,Georgia Southern,Georgia Southern,x,,
Cohen,Georgia Southwestern,Georgia Southwestern,x,,
Cohen,Georgia Southwestern State,Georgia Southwestern,x,,
Cohen,Georgia State,Georgia State,x,,
Cohen,Georgia Tech,Georgia Tech,x,,
Cohen,Georgian Court University,Georgian Court,x,,
Cohen,Glenville State,Glenville State,x,,
Cohen,Gonzaga,Gonzaga,x,,
Cohen,Gordon College,Gordon College,x,,
Cohen,Goucher College,Goucher College,x,,
Cohen,Grace University,Grace,x,,
Cohen,Grambling,Grambling State,x,,
Cohen,Grambling State,Grambling State,x,,
Cohen,Grand Canyon,Grand Canyon,x,,
Cohen,Grand Canyon University,Grand Canyon,x,,
Cohen,Grand Valley State,Grand Valley State,x,,
Cohen,Grand View,Grand View,x,,
Cohen,Gravette,Gravette,x,,
Cohen,Grayson College,Grayson College,x,,
Cohen,Great Bay Community College,Great Bay CC,x,,
Cohen,Green Bay,Green Bay,x,,
Cohen,Greenbrier,Greenbrier,x,,
Cohen,Grove City College,Grove City College,x,,
Cohen,Guilford,Guilford,x,,
Cohen,Gulf Coast State,Gulf Coast State,x,,
Cohen,Gulf Coast State College,Gulf Coast State,x,,
Cohen,Hampden-Sydney,Hampden-Sydney,x,,
Cohen,Hampton,Hampton,x,,
Cohen,Hampton University,Hampton,x,,
Cohen,Harcum College,Harcum College,x,,
Cohen,Hardin Jefferson,Hardin Jefferson,x,,
Cohen,Hardin-Simmons,Hardin-Simmons,x,,
Cohen,Harris Stowe State,Harris Stowe,x,,
Cohen,Harris-Stowe,Harris-Stowe,x,,
Cohen,Harris-Stowe State University,Harris-Stowe ,x,,
Cohen,Harrison,Harrison,x,,
Cohen,Hartford,Hartford,x,,
Cohen,Harvard,Harvard,x,,
Cohen,Hastings College,Hastings College,x,,
Cohen,Hawai'i,Hawai'i,x,,
Cohen,Hawai'i Pacific,Hawai'i Pacific,x,,
Cohen,Hawaii,Hawai'i,x,,
Cohen,Hawaii Pacific University,Hawai'i Pacific,x,,
Cohen,Henderson State,Henderson State,x,,
Cohen,Henderson State University,Henderson State,x,,
Cohen,Hesston College,Hesston College,x,,
Cohen,High Point,High Point,x,,
Cohen,High Point University,High Point,x,,
Cohen,Highland Community College,Highland CC,x,,
Cohen,Hill College,Hill College,x,,
Cohen,Hill-Murray,Hill-Murray,x,Y,this may be a high school?
Cohen,Hillsborough Community College,Hillsborough CC,x,,
Cohen,Hillsdale,Hillsdale,x,,
Cohen,Hinds Community College,Hinds CC,x,,
Cohen,Hiram College,Hiram College,x,,
Cohen,Hobart and William Smith Colleges,Hobart and William Smith Colleges,x,,
Cohen,Hocking College,Hocking College,x,,
Cohen,Hofstra,Hofstra,x,,
Cohen,Holmes,Holmes CC,x,,
Cohen,Holmes Community College,Holmes CC,x,,
Cohen,Holy Cross,Holy Cross,x,,
Cohen,Holy Family,Holy Family,x,,
Cohen,Holy Family University,Holy Family,x,,
Cohen,Hood College,Hood College,x,,
Cohen,Hope College,Hope College,x,,
Cohen,Hope International University,Hope International,x,,
Cohen,Houghton College,Houghton,x,,
Cohen,Houghton University,Houghton,x,,
Cohen,Houston,Houston,x,,
Cohen,Houston Astros,Houston Astros,x,Y,i mean......
Cohen,Houston Baptist,Houston Baptist,x,,
Cohen,Houston Christian,Houston Christian,x,,
Cohen,Houston Christian University,Houston Christian,x,,
Cohen,Houston Rockets,Houston Rockets,x,Y,l m a o 
Cohen,Houston Texans,Houston Texans,x,Y,L M A O 
Cohen,Howard,Howard,x,,
Cohen,Howard Payne University,Howard Payne,x,,
Cohen,Howard University,Howard,x,,
Cohen,Humboldt State,Humboldt State,x,,
Cohen,Humboldt State University,Humboldt State,x,,
Cohen,Huntingdon College,Huntingdon College,x,,
Cohen,Hutchinson Community College,Hutchinson CC,x,,
Gomes,IPFW,IPFW,x,,
Gomes,IU Indianapolis,IU Indianapolis,x,,
Gomes,IUPUI,IUPUI,x,,
Gomes,Idaho,Idaho,x,,
Gomes,Idaho St.,Idaho State,x,,
Gomes,Idaho State,Idaho State,x,,
Gomes,Illinois,Illinois,x,,
Gomes,Illinois Central College,Illinois Central,x,,
Gomes,Illinois State,Illinois State,x,,
Gomes,Illinois Wesleyan,Illinois Wesleyan,x,,
Gomes,Illinois-Chicago,Illinois-Chicago,x,,
Gomes,Incarnate Word,Incarnate Word,x,,
Gomes,Independence Community College,Independence CC,x,,
Gomes,Indiana,Indiana,x,,
Gomes,Indiana Fever,Indiana Fever,x,,
Gomes,Indiana State,Indiana State,x,,
Gomes,Indiana State University,Indiana State,x,,
Gomes,Indiana Tech,Indiana Tech,x,,
Gomes,Indiana University,Indiana,x,,
Gomes,Indiana University Southeast,Indiana University Southeast,x,,
Gomes,Indiana University of Pennsylvania,Indiana University of Pennsylvania,x,,
Gomes,Iona,Iona,x,,
Gomes,Iona College,Iona,x,,
Gomes,Iona University,Iona,x,,
Gomes,Iowa,Iowa,x,,
Gomes,Iowa Central Community College,Iowa Central CC,x,,
Gomes,Iowa State,Iowa State,x,,
Gomes,Iowa State University,Iowa State,x,,
Gomes,Iowa Wesleyan,Iowa Wesleyan,x,,
Gomes,Iowa Western,Iowa Western,x,,
Gomes,Ithaca College,Ithaca,x,,
Gomes,JMU,JMU,x,,
Gomes,Jackson State,Jackson State,x,,
Gomes,Jacksonville,Jacksonville,x,,
Gomes,Jacksonville College,Jacksonville College,x,,
Gomes,Jacksonville State,Jacksonville State,x,,
Gomes,Jacksonville State University,Jacksonville State,x,,
Gomes,Jacksonville University,Jacksonville,x,,
Gomes,James Madison,JMU,x,,
Gomes,Jefferson Community College,Jefferson CC,x,,
Gomes,John Brown University,John Brown,x,,
Gomes,John Carroll,John Carroll,x,,
Gomes,John Carroll University,John Carroll,x,,
Gomes,Johns Hopkins,Johns Hopkins,x,,
Gomes,Johnson C. Smith,Johnson C. Smith,x,,
Gomes,Johnson C. Smith University,Johnson C. Smith,x,,
Gomes,Johnson County CC,Johnson County CC,x,,
Gomes,Johnson University,Johnson,x,,
Gomes,Johnson and Wales University,Johnson and Wales ,x,,
Gomes,Jones College,Jones College,x,,
Gomes,Jones County JC,Jones County JC,x,,
Gomes,Kansas,Kansas,x,,
Gomes,Kansas City,Kansas City,x,,
Gomes,Kansas City Community College,Kansas City CC,x,,
Gomes,Kansas State,Kansas State,x,,
Gomes,Keene State College,Keene State College,x,,
Gomes,Keiser University,Keiser,x,,
Gomes,Kellogg Community College,Kellogg CC,x,,
Gomes,Kennesaw State,Kennesaw State,x,,
Gomes,Kent State,Kent State,x,,
Gomes,Kentucky,Kentucky,x,,
Gomes,Kentucky State,Kentucky State,x,,
Gomes,Kentucky State University,Kentucky State,x,,
Gomes,Kentucky Wesleyan,Kentucky Wesleyan,x,,
Gomes,Keuka College,Keuka College,x,,
Gomes,Kilgore College,Kilgore College,x,,
Gomes,Kinsborough Community College,Kinsborough CC,x,,
Gomes,Knox College,Knox College,x,,
Gomes,LA Sparks,LA Sparks,x,,
Gomes,LA Tech,LA Tech,x,,
Gomes,LIU Brooklyn,LIU Brooklyn,x,,
Gomes,LIU-Brooklyn,LIU-Brooklyn,x,,
Gomes,LSU,LSU,x,,
Gomes,La Roche College,La Roche,x,,
Gomes,La Roche University,La Roche,x,,
Gomes,La Salle,LaSalle,x,,
Gomes,La Verne,La Verne,x,,
Gomes,LaSalle,LaSalle,x,,
Gomes,LaSalle University,LaSalle,x,,
Gomes,Labette Community College,Labette CC,x,,
Gomes,Lackawanna College,Lackawanna College,x,,
Gomes,Lafayette,Lafayette,x,,
Gomes,Lake Erie,Lake Erie,x,,
Gomes,Lake Michigan Community College,Lake Michigan CC,x,,
Gomes,Lake Superior State,Lake Superior State,x,,
Gomes,Lamar,Lamar,x,,
Gomes,Lamar Community College,Lamar CC,x,,
Gomes,Lamar State,Lamar State,x,,"Unsure which Lamar State this is referring to (there is ""Lamar State College Orange"" and ""Lamar State - Port Arthur"""
Gomes,Lamar University,Lamar,x,,
Gomes,Lambuth University,Lambuth ,x,,
Gomes,Lancaster Bible College,Lancaster Bible College,x,,
Gomes,Lander,Lander,x,,
Gomes,Lander University,Lander,x,,
Gomes,Laney College,Laney College,x,,
Gomes,Langston,Langston,x,,
Gomes,Langston University,Langston,x,,
Gomes,Las Vegas Aces,Las Vegas Aces,x,,
Gomes,Lasell College,Lasell College,x,,
Gomes,Lassen College,Lassen College,x,,
Gomes,Laurinburg Institute,Laurinburg Institute,x,,
Gomes,Lawrence Tech University,Lawrence Tech University,x,,
Gomes,Le Moyne,Le Moyne,x,,
Gomes,Le Moyne College,Le Moyne,x,,
Gomes,LeMoyne College,Le Moyne,x,,
Gomes,LeTorneau University,LeTorneau,x,,
Gomes,Leeds Beckett University,Leeds Beckett,x,,
Gomes,Lees-McRae College,Lees-McRae College,x,,
Gomes,Legacy Charter,Legacy Charter,x,Y,Looks like this is a high school
Gomes,Lehigh,Lehigh,x,,
Gomes,Lenoir Community College,Lenoir CC,x,,
Gomes,Lenoir-Rhyne,Lenoir-Rhyne,x,,
Gomes,Lewis,Lewis,x,,
Gomes,Lewis University,Lewis,x,,
Gomes,Lewis and Clark College,Lewis and Clark College,x,,
Gomes,Liberty,Liberty,x,,
Gomes,Life University,Life University,x,,
Gomes,Limestone College,Limestone College,x,,
Gomes,Lincoln Memorial University,Lincoln Memorial,x,,
Gomes,Lincoln University,Lincoln,x,,
Gomes,Lindenwood,Lindenwood,x,,
Gomes,Lindenwood University,Lindenwood,x,,
Gomes,Linn-Benton Community College,Linn-Benton CC,x,,
Gomes,Lipscomb,Lipscomb,x,,
Gomes,Little Rock,Little Rock,x,,
Gomes,Livingstone College,Livingstone College,x,,
Gomes,Lon Morris Junior College,Lon Morris JC,x,,
Gomes,Long Beach State,Long Beach State,x,,
Gomes,Long Island,Long Island,x,,
Gomes,Long Island Knights,Long Island Knights,x,Y,Not sure what this is because Long Island University athletics teams are the Sharks
Gomes,Long Island University,Long Island,x,,
Gomes,Longwood,Longwood,x,,
Gomes,Longwood University,Longwood,x,,
Gomes,Loras,Loras,x,,
Gomes,Loras College,Loras,x,,
Gomes,Los Angeles Clippers,Los Angeles Clippers,x,,
Gomes,Los Angeles Lakers,Los Angeles Lakers,x,,
Gomes,Los Angeles Sparks,Los Angeles Sparks,x,,
Gomes,Louisiana,Louisiana,x,,
Gomes,Louisiana Christian University,Louisiana Christian,x,,
Gomes,Louisiana College,Louisiana College,x,,
Gomes,Louisiana Monroe,Louisiana-Monroe,x,,
Gomes,Louisiana State University Shreveport,Louisiana State University Shreveport,x,,
Gomes,Louisiana Tech,Louisiana Tech,x,,
Gomes,Louisiana-Monroe,Louisiana-Monroe,x,,
Gomes,Louisville,Louisville,x,,
Gomes,Lourdes University,Lourdes University,x,,
Gomes,Loyola (Md.),Loyola (MD),x,,
Gomes,Loyola Chicago,Loyola Chicago,x,,
Gomes,Loyola Maryland,Loyola (MD),x,,
Gomes,Loyola Marymount,Loyola Marymount,x,,
Gomes,Loyola New Orleans,Loyola New Orleans,x,,
Gomes,Loyola University Chicago,Loyola Chicago,x,,
Gomes,Loyola University Maryland,Loyola (MD),x,,
Gomes,Loyola University New Orleans,Loyola New Orleans,x,,
Gomes,Loyola of Maryland,Loyola (MD),x,,
Gomes,Loyola-Chicago,Loyola Chicago,x,,
Gomes,Loyola-Maryland,Loyola (MD),x,,
Gomes,Lycoming College,Lycoming College,x,,
Gomes,Lynchburg College,Lynchburg College,x,,
Gomes,Lynn University,Lynn University,x,,
Gomes,MIT,MIT,x,,
Gomes,MSU Billings,MSU Billings,x,,
Gomes,MSU Denver,MSU Denver,x,,
Gomes,Macalester College,Macalester College,x,,
Gomes,Madonna University,Madonna University,x,,
Gomes,Maine,Maine,x,,
Gomes,Maine Fort Kent,Maine Fort Kent,x,,
Gomes,Malone University,Malone University,x,,
Gomes,Manchester,Manchester,x,,
Gomes,Manchester University,Manchester,x,,
Gomes,Manhattan,Manhattan,x,,
Gomes,Manhattan College,Manhattan,x,,
Gomes,Marian,Marian,x,,
Gomes,Marian University,Marian,x,,
Gomes,Marist,Marist,x,,
Gomes,Marist College,Marist,x,,
Gomes,Marquette,Marquette,x,,
Gomes,Marshall,Marshall,x,,
Gomes,Marshall University,Marshall,x,,
Gomes,Martin Methodist College,Martin Methodist College,x,,
Gomes,Mary Hardin-Baylor,Mary Hardin-Baylor,x,,
Gomes,Mary Washington,Mary Washington,x,,
Gomes,Maryland,Maryland,x,,
Gomes,Maryland Eastern Shore,Maryland Eastern Shore,x,,
Gomes,Maryland-Eastern Shore,Maryland Eastern Shore,x,,
Gomes,Maryville College,Maryville,x,,
Gomes,Maryville University,Maryville,x,,
Howes,Massachusetts,Massachusetts,x,,
Howes,Massachusetts-Lowell,Massachusetts-Lowell,x,,
Howes,Matthew Finders Anglican College,Matthew Finders Anglican,X,,
Howes,Mayville State,Mayville State,X,,
Howes,Mayville State University,Mayville State,X,,
Howes,McCook Community College,McCook CC,X,,
Howes,McLennan CC,McLennan CC,X,,
Howes,McMurry,McMurry,X,,
Howes,McNeese,McNeese,X,,
Howes,McNeese State,McNeese,X,,
Howes,McPherson College,McPherson,X,,
Howes,Memphis,Memphis,X,,
Howes,Memphis Grizzlies,Memphis Grizzlies,,X,pro team
Howes,Mercer,Mercer,X,,
Howes,Mercy College,Mercy,X,,
Howes,Mercyhurst,Mercyhurst,X,,
Howes,Mercyhurst Northeast,Mercyhurst Northeast,X,,branch campus
Howes,Mercyhurst University,Mercyhurst,X,,another Mercyhurst
Howes,Merrimack,Merrimack,X,,
Howes,Merrimack College,Merrimack,X,,another merrimack
Howes,Metro State,Metro State,X,,
Howes,Miami,Miami,X,,
Howes,Miami (FL),Miami ,X,,removed fl abbreviation 
Howes,Miami (OH),Miami (OH),X,,(OH) standerized
Howes,Miami (Ohio),Miami (OH),X,,(OH) standerized
Howes,Miami Heat,Miami Heat,,X,
Howes,Miami Ohio,Miami (OH),X,,(OH) standerized
Howes,Miami University,Miami,X,,
Howes,Miami-Dade CC Kendall,Miami-Dade CC,X,,removed kendall campus
Howes,Michigan,Michigan,X,,
Howes,Michigan State,Michigan State,X,,
Howes,Michigan Storm,Michigan Storm,,X,basketball club
Howes,Michigan Tech,Michigan Tech,X,,
Howes,Mid-America Christian University,Mid-America Christian,X,,
Howes,Mid-Michigan Community College,Mid-Michigan CC,X,,
Howes,MidAmerica Nazarene University,MidAmerica Nazarene,X,,
Howes,Middle Georgia State University,Middle Georgia State,X,,
Howes,Middle Tennessee,Middle Tennessee,X,,
Howes,Middle Tennessee State,Middle Tennessee,X,,above
Howes,Middle Tennessee State University,Middle Tennessee ,X,,above
Howes,Midland College,Midland,X,,
Howes,Midwestern State,Midwestern State,X,,
Howes,Miles Community College,Miles CC,X,,
Howes,Millersville University of Pennsylvania,Millersville ,X,,
Howes,Milwaukee,Milwaukee,X,,
Howes,Milwaukee Bucks,Milwaukee Bucks,,X,pro team
Howes,Mineral Area College,Mineral Area,X,,
Howes,Minnesota,Minnesota,X,,
Howes,Minnesota Lynx,Minnesota Lynx,,X,pro team
Howes,Minnesota State,Minnesota State,X,,
Howes,Minnesota State-Moorhead,Minnesota State-Moorhead,X,,
Howes,Minnesota Timberwolves,Minnesota Timberwolves,,X,pro team
Howes,Minnesota-Duluth,Minnesota-Duluth,X,,
Howes,Misericordia,Misericordia,X,,
Howes,Mississippi,Mississippi,X,,
Howes,Mississippi College,Mississippi College,X,,
Howes,Mississippi Gulf Coast CC,Mississippi Gulf Coast CC,X,,
Howes,Mississippi State,Mississippi State,X,,
Howes,Mississippi Valley State,Mississippi Valley State,X,,
Howes,Mississippi Valley State University,Mississippi Valley State,X,,above
Howes,Missouri,Missouri,X,,
Howes,Missouri Baptist University,Missouri Baptist,X,,
Howes,Missouri S&T,Missouri S&T,X,,
Howes,Missouri Southern State,Missouri Southern State,X,,
Howes,Missouri Southern State University,Missouri Southern State,X,,
Howes,Missouri State,Missouri State,X,,
Howes,Missouri Western,Missouri Western State,X,,
Howes,Missouri Western State,Missouri Western State,X,,
Howes,Missouri Western State University,Missouri Western State,X,,
Howes,Missouri-Kansas City,Missouri-Kansas City,X,,
Howes,Mitchell,Mitchell,X,,
Howes,Moberly Area Community College,Moberly Area CC,X,,
Howes,Moe's All-Star Camps & Training,Moe's All-Star Camps & Training,,X,camp
Howes,Mohawk Valley Community College,Mohawk Valley CC,X,,
Howes,Molloy College,Molloy,X,,
Howes,Monmouth,Monmouth,X,,
Howes,Monmouth University,Monmouth,X,,
Howes,Monroe,Monroe,X,,
Howes,Monroe College,Monroe,X,,
Howes,Monroe University,Monroe,X,,
Howes,Montana,Montana,X,,
Howes,Montana State,Montana State,X,,
Howes,Montana State-Northern,Montana State-Northern,X,,
Howes,Montana Tech,Montana Tech,X,,
Howes,Montana Western,Montana Western,X,,
Howes,Montclair State,Montclair State,X,,
Howes,Montreat College,Montreat,X,,
Howes,Moody Bible Institute,Moody Bible Institute,X,,
Howes,Moorpark College,Moorpark,X,,
Howes,Morehead State,Morehead State,X,,
Howes,Morehead State University,Morehead State,X,,
Howes,Morgan State,Morgan State,X,,
Howes,Morgan State University,Morgan State,X,,
Howes,Morris Catholic,Morris Catholic,X,,
Howes,Mount Olive,Mount Olive,X,,
Howes,Mount Olive College,Mount Olive,X,,
Howes,Mount St. Joseph,Mount St. Joseph,X,,
Howes,Mount St. Mary's,Mount St. Mary's,X,,
Howes,Mount Union,Mount Union,X,,
Howes,Mt. San Antonio College,Mt. San Antonio,X,,
Howes,Murray State,Murray State,X,,
Howes,Murray State College,Murray State,X,,
Howes,Muskingum,Muskingum,X,,
Howes,N.C. A&T,N.C. A&T,X,,
Howes,NBA,NBA,,X,nba
Howes,NBA G-League,NBA G-League,,X,gleague
Howes,NC Central,NC Central,X,,
Howes,NC State,NC State,X,,
Howes,NJIT,NJIT,X,,
Howes,NYIT,NYIT,X,,
Howes,Nassau Community College,Nassau CC,X,,
Howes,Naval Academy,Navy,X,,condensed
Howes,Navy,Navy,X,,
Howes,Nebraska,Nebraska,X,,
Howes,Nebraska Wesleyan,Nebraska Wesleyan,X,,
Howes,Nebraska-Kearney,Nebraska-Kearney,X,,
Howes,Nebraska-Omaha,Nebraska-Omaha,X,,
Howes,Nevada,Nevada,X,,
Howes,"Nevada, Reno","Nevada, Reno",X,,
Howes,New Hampshire,New Hampshire,X,,
Howes,New Haven,New Haven,X,,
Howes,New Jersey City University,New Jersey City,X,,
Howes,New Jersey Institute of Technology,New Jersey Tech,X,,condensed
Howes,New Jersey Tech,New Jersey Tech,X,,
Howes,New Mexico,New Mexico,X,,
Howes,New Mexico Highlands,New Mexico Highlands,X,,
Howes,New Mexico Junior College,New Mexico CC,X,,
Howes,New Mexico State,New Mexico State,X,,
Howes,New Orleans,New Orleans,X,,
Howes,New Orleans Blazers,New Orleans Blazers,,X,travel basketball
Howes,New Orleans Pelicans,New Orleans Pelicans,,X,pro team
Howes,New York Giants,New York Giants,,X,pro team
Howes,New York Jets,New York Jets,,X,pro team
Howes,New York Knicks,New York Knicks,,X,pro team
Howes,New York Liberty,New York Liberty,,X,pro team
Howes,New York University,New York,X,,
Howes,Newbury College,Newbury,X,,
Howes,Newman University,Newman,X,,
Howes,Niagara,Niagara,X,,
Howes,Niagara University,Niagara,X,,
Howes,Nicholls State,Nicholls State,X,,
Howes,Norfolk State,Norfolk State,X,,
Howes,North Alabama,North Alabama,X,,
Howes,North Carolina,North Carolina,X,,
Howes,North Carolina A&T,North Carolina A&T,X,,
Howes,North Carolina Central,North Carolina Central,X,,
Howes,North Carolina Central University,North Carolina Central,X,,
Howes,North Carolina State,North Carolina State,X,,
Howes,North Central,North Central,X,,
Howes,North Central College,North Central,X,,
Howes,North Dakota,North Dakota,X,,
Howes,North Dakota State,North Dakota State,X,,
Howes,North Dakota State College of Science,North Dakota State College of Science,X,,
Howes,North Florida,North Florida,X,,
Howes,North Greenville,North Greenville,X,,
Howes,North Greenville University,North Greenville,X,,
Howes,North Iowa,North Iowa CC,X,,
Howes,North Iowa Area Community College,North Iowa Area CC,X,,
Howes,North Platte Community College,North Platte CC,X,,
Howes,North Seattle Community College,North Seattle CC,X,,
Howes,North Texas,North Texas,X,,
Howes,Northeast Mississippi Community College,Northeast Mississippi CC,X,,
Howes,Northeastern,Northeastern,X,,
Howes,Northeastern Oklahoma A&M,Northeastern Oklahoma A&M,X,,
Howes,Northeastern University,Northeastern,X,,
Howes,Northern Arizona,Northern Arizona,X,,
Howes,Northern Colorado,Northern Colorado,X,,
Howes,Northern Illinois,Northern Illinois,X,,
Howes,Northern Illinois University,Northern Illinois,X,,
Howes,Northern Iowa,Northern Iowa,X,,
Howes,Northern Kentucky,Northern Kentucky,X,,
Howes,Northern Michigan,Northern Michigan,X,,
Howes,Northern State University,Northern State,X,,
Howes,Northwest Florida State College,Northwest Florida State,X,,
Howes,Northwest Kansas Tech,Northwest Kansas Tech,X,,
Howes,Northwest Kansas Technical College,Northwest Kansas Technical,X,,
Howes,Northwest Missouri State,Northwest Missouri State,X,,
Howes,Northwest Nazarene,Northwest Nazarene,X,,
Howes,Northwestern,Northwestern,X,,
Howes,Northwestern College,Northwestern,X,,
Howes,Northwestern State,Northwestern State,X,,
Howes,Northwestern State University,Northwestern State,X,,
Howes,Northwestern University,Northwestern,X,,
Howes,Norwich University,Norwich,X,,
Howes,Notre Dame,Notre Dame,X,,
Howes,Notre Dame College,Notre Dame College,X,,ohio
Howes,Nova Southeastern,Nova Southeastern,X,,
Howes,Nyack,Nyack,X,,
Howes,Nyack College,Nyack,X,,
Jane,Oakland,Oakland,x,,
Jane,Oakland Catholic,Oakland Catholic,x,,
Jane,Oakland Community College,Oakland CC,x,,
Jane,Oakland University,Oakland,x,,
Jane,Oakwood,Oakwood,x,,
Jane,Oberlin,Oberlin,x,,
Jane,Oberlin College,Oberlin,x,,
Jane,Occidental,Occidental,x,,
Jane,Oglethorpe,Oglethorpe,x,,
Jane,Oglethorpe University,Oglethorpe,x,,
Jane,Ohio,Ohio,x,,
Jane,Ohio Northern University,Ohio Northern,x,,
Jane,Ohio State,Ohio State,x,,
Jane,Ohio University,Ohio,x,,
Jane,Ohio Valley,Ohio Valley,x,,
Jane,Ohio Valley University,Ohio Valley,x,,
Jane,Ohio Wesleyan,Ohio Wesleyan,x,,
Jane,Ohio Wesleyan University,Ohio Wesleyan,x,,
Jane,Oklahoma,Oklahoma,x,,
Jane,Oklahoma Baptist,Oklahoma Baptist,x,,
Jane,Oklahoma Christian University,Oklahoma Christian,x,,
Jane,Oklahoma City,Oklahoma City,x,,
Jane,Oklahoma City Thunder,Oklahoma City Thunder,x,,
Jane,Oklahoma City University,Oklahoma City,x,,
Jane,Oklahoma State,Oklahoma State,x,,
Jane,Oklahoma Storm,Oklahoma Storm,,y,could not find thi sorganization
Jane,Oklahoma Wesleyan,Oklahoma Wesleyan,x,,
Jane,Oklahoma Wesleyan University,Oklahoma Wesleyan,x,,
Jane,Old Dominion,Old Dominion,x,,
Jane,Ole Miss,Ole Miss,x,,
Jane,Olivet College,Olivet,x,,
Jane,Omaha,Omaha,x,,
Jane,Ontario Clippers,Ontario Clippers,,y,ontario
Jane,Oral Roberts,Oral Roberts,x,,
Jane,Oregon,Oregon,x,,
Jane,Oregon State,Oregon State,x,,
Jane,Oregon State University,Oregon State,x,,
Jane,Orlando Magic,Orlando Magic,x,,
Jane,Orlando Miracle,Orlando Miracle,x,,
Jane,Ottawa University,Ottawa University,x,,
Jane,Ouachita Baptist,Ouachita Baptist,x,,
Jane,Ouachita Baptist University,Ouachita Baptist,x,,
Jane,Owens Community College,Owens CC,x,,
Jane,Pace,Pace,x,,
Jane,Pace University,Pace,x,,
Jane,Pacific,Pacific,x,,
Jane,Pacific (Ore.),Pacific ,x,,
Jane,Pacific Union College,Pacific Union,x,,
Jane,Pacific University,Pacific,x,,
Jane,Paine College,Paine,x,,
Jane,Palm Beach Atlantic,Palm Beach Atlantic,x,,
Jane,Panola College,Panola,x,,
Jane,Paris Junior College,Paris Junior,x,,
Jane,Park University,Park,x,,
Jane,Parkland College,Parkland,x,,
Jane,Parkside,Parkside,x,,
Jane,Passaic County Community,Passaic CC,x,,
Jane,Paul Quinn College,Paul Quinn College,X,,
Jane,Pearl River,Pearl River CC,x,,
Jane,Pearl River Community College,Pearl River CC,x,,
Jane,Penn,Penn,x,,
Jane,Penn State,Penn State,x,,
Jane,Penn State Lehigh Valley,Penn State Lehigh Valley,x,,
Jane,Penn State University Altoona,Penn State University Altoona,x,,
Jane,Penn State-New Kensington,Penn State-New Kensington,x,,
Jane,Pennsylvania,Penn,x,,
Jane,Pensacola State,Pensacola State,x,,
Jane,Pensacola State College,Pensacola State,x,,
Jane,Pepperdine,Pepperdine,x,,
Jane,Pfeiffer University,Pfeiffer University,x,,
Jane,Philadelphia 76ers,Philadelphia 76ers,x,,
Jane,Phoenix Mercury,Phoenix Mercury,x,,
Jane,Pikeville,Pikeville,x,,
Jane,Pima CC,Pima CC,x,,
Jane,Pine Manor College,Pine Manor,x,,
Jane,Pitt,Pittsburgh,x,,
Jane,Pittsburg State,Pittsburg State,x,,
Jane,Pittsburgh,Pittsburgh,x,,
Jane,Point Loma,Point Loma,x,,
Jane,Point Loma Nazarene,Point Loma Nazarene,x,,
Jane,Point Loma Nazarene University,Point Loma Nazarene,x,,
Jane,Point University,Point University,x,,
Jane,Pomona-Pitzer,Pomona-Pitzer,x,,
Jane,Portland,Portland,x,,
Jane,Portland State,Portland State,x,,
Jane,Portland State University,Portland State,x,,
Jane,Portland Trail Blazers,Portland Trail Blazers,x,,
Jane,Post University,Post,x,,
Jane,Prairie View A&M,Prairie View A&M,x,,
Jane,Pratt Community College,Pratt CC,x,,
Jane,Presbyterian,Presbyterian,x,,
Jane,Presbyterian College,Presbyterian,x,,
Jane,Princeton,Princeton,x,,
Jane,Providence,Providence,x,,
Jane,Providence College,Providence,x,,
Jane,Puget Sound,Puget Sound,x,,
Jane,Purdue,Purdue,x,,
Jane,Purdue Fort Wayne,Purdue Fort Wayne,x,,
Jane,Purdue Northwest,Purdue Northwest,x,,
Jane,Purdue University,Purdue,x,,
Jane,Purdue-Fort Wayne,Purdue Fort Wayne,x,,
Jane,Queens,Queens,x,,
Jane,Queens (NC),Queens (NC),x,,
Jane,Queens University of Charlotte,Queens University of Charlotte,x,,
Jane,Queensborough Community College,Queensborough CC,x,,
Jane,Quincy,Quincy,x,,
Jane,Quincy University,Quincy,x,,
Jane,Quinnipiac,Quinnipiac,x,,
Jane,Radford,Radford,x,,
Jane,Radford University,Radford,x,,
Jane,Ramapo College of New Jersey,Ramapo College of New Jersey,x,,
Jane,Randolph College,Randolph,x,,
Jane,Randolph-Macon College,Randolph,x,,
Jane,Ranger College,Ranger College,x,,
Jane,Redlands,Redlands,x,,
Jane,Regis,Regis,x,,
Jane,Regis College,Regis,x,,
Jane,Regis University,Regis,x,,
Jane,Rend Lake College,Rend Lake College,X,,
Jane,Rensselaer Polytechnic Institute,Rensselaer Polytechnic Institute,X,,
Jane,Rhode Island,Rhode Island,X,,
Jane,Rhode Island College,Rhode Island,X,,
Jane,Rhodes College,Rhodes College,X,,
Jane,Rice,Rice,x,,
Jane,Rice University,Rice,x,,
Jane,Richmond,Richmond,x,,
Jane,Rider,Rider,x,,
Jane,Rider University,Rider,x,,
Jane,Roanoke College,Roanoke College,x,,
Jane,Robert Morris,Robert Morris,x,,
Jane,Robert Morris University,Robert Morris,x,,
Jane,Rock Valley College,Rock Valley College,x,,
Jane,Rocky Mountain College,Rocky Mountain College,x,,
Jane,Rogers State,Rogers State,x,,
Jane,Rogers State University,Rogers State,x,,
Jane,Roosevelt University,Roosevelt University,x,,
Jane,Rose Hulman,Rose Hulman,x,,
Jane,Rosemont College,Rosemont College,x,,
Jane,Rowan University,Rowan University,x,,
Jane,Rutgers,Rutgers,x,,
Jane,Rutgers - Newark,Rutgers ,x,,
Jane,SCU San Marcos,SCU San Marcos,x,,
Jane,SEMO,SEMO,,y,
Jane,SIU Carbondale,SIU Carbondale,x,,
Jane,SIU Edwardsville,SIU Edwardsville,x,,
Jane,SIUE,SIU Edwardsville,x,,
Jane,SMU,SMU,x,,
Jane,SUNY Brockport,SUNY Brockport,x,,
Jane,SUNY Cobleskill,SUNY Cobleskill,x,,
Jane,SUNY Cortland,SUNY Cortland,x,,
Jane,SUNY Fredonia,SUNY Fredonia,x,,
Jane,SUNY Maritime College,SUNY Maritime College,x,,
Jane,SUNY Oswego,SUNY Oswego,x,,
Jane,SUNY Sullivan Community College,SUNY Sullivan CC,x,,
Jane,SUNY-Canton,SUNY-Canton,x,,
Jane,SUNY-Cobleskill,SUNY-Cobleskill,x,,
Jane,Sacramento Kings,Sacramento Kings,x,,
Jane,Sacramento Kings/Sacramento Monarchs,Sacramento Kings,x,,
Jane,Sacramento Monarchs,Sacramento Monarchs,x,,
Jane,Sacramento State,Sacramento State,x,,
Jane,Sacred Heart,Sacred Heart,x,,
Jane,Saginaw Valley State,Saginaw Valley State,x,,
Jane,Saint Anselm College,Saint Anselm College,x,,For Sam: I've been changing all Saint to St. -- Max
Jane,Saint Augustine,Saint Augustine,x,,
Jane,Saint Augustine's,Saint Augustine,x,,
Jane,Saint Francis,Saint Francis,x,,
Jane,Saint Francis (PA),Saint Francis ,x,,
Jane,Saint Francis (Pa.),Saint Francis ,x,,
Jane,Saint Francis University,Saint Francis,x,,
Jane,Saint Joseph's,Saint Joseph's,x,,
Jane,Saint Joseph's (PA),Saint Joseph's ,x,,
Jane,Saint Joseph's College,Saint Joseph's,x,,
Jane,Saint Joseph's University,Saint Joseph's,x,,
Jane,Saint Leo,Saint Leo,x,,
Jane,Saint Leo University,Saint Leo,x,,
Jane,Saint Louis,Saint Louis,x,,
Jane,Saint Louis University,Saint Louis,x,,
Jane,Saint Martin's,Saint Martin's,x,,
Jane,Saint Martin's University,Saint Martin's,x,,
Jane,Saint Mary's,Saint Mary's,x,,
Jane,Saint Mary's (CA),Saint Mary's ,x,,
Jane,Saint Mary's College,Saint Mary's,x,,
Jane,Saint Mary's College of California,Saint Mary's ,x,,
Schaeffer,Saint Michael's College,St. Michael's College,X,,
Schaeffer,Saint Paul's College,St. Paul's College,X,,
Schaeffer,Saint Peter's,St. Peter's,X,,
Schaeffer,Saint Peter's University,St. Peter's ,X,,
Schaeffer,Saint Xavier,St. Xavier,X,,
Schaeffer,Salem College,Salem,X,,
Schaeffer,Salem International University,Salem International ,X,,
Schaeffer,Salem State University,Salem State,X,,
Schaeffer,Salisbury,Salisbury,X,,
Schaeffer,Salisbury University,Salisbury ,X,,
Schaeffer,Sam Houston State,Sam Houston State,X,,
Schaeffer,Samford,Samford,X,,
Schaeffer,Samford University,Samford ,X,,
Schaeffer,San Antonio Spurs,San Antonio Spurs,X,,Not a college - NBA
Schaeffer,San Diego,San Diego,X,,
Schaeffer,San Diego City College,San Diego City ,X,,
Schaeffer,San Diego State,San Diego State,X,,
Schaeffer,San Diego State University,San Diego State ,X,,
Schaeffer,San Francisco,San Francisco,X,,
Schaeffer,San Francisco 49ers,San Francisco 49ers,X,,Not a college - NFL
Schaeffer,San Francisco State,San Francisco State,X,,
Schaeffer,San Francisco State University,San Francisco State ,X,,
Schaeffer,San Joaquin Delta College,San Joaquin Delta ,X,,
Schaeffer,San Jose City College,San Jose City ,X,,
Schaeffer,San Jose State,San Jose State,X,,
Schaeffer,San José State,San Jose State,X,,
Schaeffer,Santa Clara,Santa Clara,X,,
Schaeffer,Santa Clara University,Santa Clara,X,,
Schaeffer,Santa Fe College,Santa Fe ,X,,
Schaeffer,Santa Fe Community College,Santa Fe CC,X,,
Schaeffer,Santa Rosa Junior College,Santa Rosa JC,X,,
Schaeffer,Sarah Lawrence College,Sarah Lawrence ,X,,
Schaeffer,Sauk Valley Community College,Sauk Valley CC,X,,
Schaeffer,Savannah State,Savannah State,X,,
Schaeffer,Schreiner University,Schreiner ,X,,
Schaeffer,Scranton,Scranton,X,,
Schaeffer,Seattle,Seattle,X,,
Schaeffer,Seattle Pacific,Seattle Pacific,X,,
Schaeffer,Seattle Pacific University,Seattle Pacific,X,,
Schaeffer,Seattle Storm,Seattle Storm,X,,Not a college- WNBA
Schaeffer,Seattle U,Seattle ,X,,
Schaeffer,Seattle University,Seattle ,X,,
Schaeffer,Seminole State,Seminole State,X,,
Schaeffer,Seton Hall,Seton Hall,X,,
Schaeffer,Seton Hill,Seton Hill,X,,
Schaeffer,Seward County CC,Seward County CC,X,,
Schaeffer,Seward County Community College,Seward County CC,X,,
Schaeffer,Shaw,Shaw,X,,
Schaeffer,Shaw University,Shaw,X,,
Schaeffer,Shelton State Community College,Shelton State CC,X,,
Schaeffer,Shepherd College,Shepherd,X,,
Schaeffer,Sheridan,Sheridan,X,,
Schaeffer,Shorter,Shorter,X,,
Schaeffer,Shorter University,Shorter,X,,
Schaeffer,Siena,Siena,X,,
Schaeffer,Siena Heights University,Siena Heights,X,,
Schaeffer,Simon Kenton,Simon Kenton,X,,
Schaeffer,Sinclair Community College,Sinclair CC,X,,
Schaeffer,Sioux Falls,Sioux Falls,X,,
Schaeffer,Slippery Rock,Slippery Rock,X,,
Schaeffer,Slippery Rock University,Slippery Rock,X,,
Schaeffer,Smith College,Smith,X,,
Schaeffer,Snow College,Snow,X,,
Schaeffer,Sonoma State,Sonoma State,X,,
Schaeffer,Sonoma State University,Sonoma State,X,,
Schaeffer,South Alabama,South Alabama,X,,
Schaeffer,South Carolina,South Carolina,X,,
Schaeffer,South Carolina State,South Carolina State,X,,
Schaeffer,South Carolina State University,South Carolina State,X,,
Schaeffer,South Dakota,South Dakota,X,,
Schaeffer,South Dakota State,South Dakota State,X,,
Schaeffer,South Florida,South Florida,X,,
Schaeffer,South Georgia Technical College,South Georgia Technical College,X,,
Schaeffer,South Plains College,South Plains,X,,
Schaeffer,Southampton College of Long Island University,Southampton College of Long Island,X,,
Schaeffer,Southeast Missouri,Southeast Missouri State,X,,
Schaeffer,Southeast Missouri State,Southeast Missouri State,X,,
Schaeffer,Southeast Missouri State University,Southeast Missouri State,X,,
Schaeffer,Southeastern,Southeastern,X,,
Schaeffer,Southeastern Community College,Southeastern CC,X,,
Schaeffer,Southeastern Illinois College,Southeastern Illinois,X,,
Schaeffer,Southeastern Louisiana,Southeastern Louisiana,X,,
Schaeffer,Southeastern Louisiana University,Southeastern Louisiana ,X,,
Schaeffer,Southern,Southern,X,,
Schaeffer,Southern Cal,Southern California,X,,
Schaeffer,Southern Connecticut State,Southern Connecticut State,X,,
Schaeffer,Southern Connecticut State University,Southern Connecticut State ,X,,
Schaeffer,Southern Illinois,Southern Illinois,X,,
Schaeffer,Southern Illinois - Edwardsville,Southern Illinois - Edwardsville,X,,
Schaeffer,Southern Illinois Edwardsville,Southern Illinois - Edwardsville,X,,
Schaeffer,Southern Illinois University,Southern Illinois ,X,,
Schaeffer,Southern Illinois University Edwardsville,Southern Illinois - Edwardsville,X,,
Schaeffer,"Southern Illinois University, Edwardsville",Southern Illinois - Edwardsville,X,,
Schaeffer,Southern Ind.,Southern Indiana,X,,
Schaeffer,Southern Indiana,Southern Indiana,X,,
Schaeffer,Southern Maine Community College,Southern Maine CC,X,,
Schaeffer,Southern Methodist,Southern Methodist,X,,
Schaeffer,Southern Methodist University,Southern Methodist,X,,
Schaeffer,Southern Miss,Southern Mississippi,X,,
Schaeffer,Southern Mississippi,Southern Mississippi,X,,
Schaeffer,Southern Nazarene,Southern Nazarene,X,,
Schaeffer,Southern New Hampshire,Southern New Hampshire,X,,
Schaeffer,Southern Oregon University,Southern Oregon,X,,
Schaeffer,Southern University,Southern,X,,
Schaeffer,Southern Utah,Southern Utah,X,,
Schaeffer,Southern Utah University,Southern Utah,X,,
Schaeffer,Southern Virginia,Southern Virginia,X,,
Schaeffer,Southern Wesleyan,Southern Wesleyan,X,,
Schaeffer,Southern Wesleyan University,Southern Wesleyan,X,,
Schaeffer,Southwest Baptist,Southwest Baptist,X,,
Schaeffer,Southwest Baptist University,Southwest Baptist,X,,
Schaeffer,Southwest Minnesota State,Southwest Minnesota State,X,,
Schaeffer,Southwest Missouri State,Southwest Missouri State,X,,
Schaeffer,Southwestern Michigan College,Southwestern Michigan,X,,
Schaeffer,Southwestern Oklahoma State,Southwestern Oklahoma State,X,,
Schaeffer,Southwestern University,Southwestern,X,,
Schaeffer,Spelman College,Spelman,X,,
Schaeffer,Spring Hill College,Spring Hill,X,,
Schaeffer,Springfield College,Springfield,X,,
Schaeffer,St. Ambrose,St. Ambrose,X,,
Schaeffer,St. Ambrose University,St. Ambrose,X,,
Schaeffer,St. Andrew's University,St. Andrew's,X,,
Schaeffer,St. Andrews University,St. Andrews,X,,
Schaeffer,St. Augustine's,St. Augustine's,X,,
Schaeffer,St. Augustine's University,St. Augustine's,X,,
Schaeffer,St. Bonaventure,St. Bonaventure,X,,
Schaeffer,St. Bonaventure University,St. Bonaventure,X,,
Schaeffer,St. Cloud State,St. Cloud State,X,,
Schaeffer,St. Francis,St. Francis,X,,Which one?
Schaeffer,St. Francis Brooklyn,St. Francis (NY),X,,
Schaeffer,St. Francis College,St. Francis,X,,Which one?
Schaeffer,St. Henry,St. Henry,X,,
Schaeffer,St. John Fisher,St. John Fisher,X,,
Schaeffer,St. John Fisher College,St. John Fisher,X,,
Schaeffer,St. John's,St. John's,X,,
Schaeffer,St. John's University,St. John's,X,,
Schaeffer,St. Johns University,St. Johns,X,,
Schaeffer,St. Joseph's College,St. Joseph's College (ME),X,,
Schaeffer,St. Lawrence,St. Lawrence,X,,
Schaeffer,St. Louis,St. Louis,X,,
Schaeffer,St. Luke's,St. Luke's,X,,
Schaeffer,St. Mary's,St. Mary's (CA),X,,Unclear which St. Mary's guessing CA
Schaeffer,St. Mary's College (Md.),St. Mary's College of Maryland,X,,
Schaeffer,St. Mary's College of Maryland,St. Mary's College of Maryland,X,,
Schaeffer,St. Mary's University,St. Mary's University,X,,
Schaeffer,St. Michael's College,St. Michael's,X,,
Schaeffer,St. Peter,St. Peter,X,,
Schaeffer,St. Thomas,St. Thomas (Fla.),X,,"(I'm guessing this is Florida, but unclear)"
Schaeffer,St. Thomas (Fla.),St. Thomas (Fla.),X,,
Schaeffer,St. Thomas (Fla.) University,St. Thomas (Fla.),X,,
Schaeffer,St. Thomas (MN),St. Thomas (MN),X,,
Schaeffer,St. Thomas Aquinas College,St. Thomas Aquinas,X,,
Schaeffer,St. Xavier University,St. Xavier,X,,
Schaeffer,Stanford,Stanford,X,,
Schaeffer,Stanford University,Stanford,X,,
Schaeffer,Stephen F. Austin,Stephen F. Austin,X,,
Schaeffer,Sterling College,Sterling,X,,
Schaeffer,Stetson,Stetson,X,,
Schaeffer,Stetson University,Stetson,X,,
Schaeffer,Stevenson University,Stevenson,X,,
Schaeffer,Stockton Kings,Stockton,X,,
Schaeffer,Stonehill,Stonehill,X,,
Schaeffer,Stonehill College,Stonehill,X,,
Schaeffer,Stony Brook,Stony Brook,X,,
Schaeffer,Stony Brook University,Stony Brook,X,,
Schaeffer,Swarthmore College,Swarthmore,X,,
Schaeffer,Syracuse,Syracuse,X,,
Schaeffer,Syracuse University,Syracuse,X,,
Schaeffer,TCU,TCU,X,,
Schaeffer,Tabor College,Tabor College,X,,
Schaeffer,Tacoma Community College,Tacoma CC,X,,
Schaeffer,Tallahassee Community College,Tallahassee CC,X,,
Schaeffer,Tallahassee State College,Tallahassee State College,X,,
Schaeffer,Tarleton,Tarleton State,X,,
Schaeffer,Tarleton State,Tarleton State,X,,
Schaeffer,Taylor University,Taylor University,X,,
Schaeffer,Temple,Temple,X,,
Schaeffer,Temple College,Temple,X,,
Schaeffer,Tennessee,Tennessee,X,,
Schaeffer,Tennessee Martin,Tennessee Martin,X,,
Schaeffer,Tennessee St.,Tennessee State,X,,
Schaeffer,Tennessee State,Tennessee State,X,,
Schaeffer,Tennessee State University,Tennessee State,X,,
Schaeffer,Tennessee Tech,Tennessee Tech,X,,
Schaeffer,Tennessee at Chattanooga,Tennessee at Chattanooga,X,,
Schaeffer,Texas,Texas,X,,
Schmidt,Texas A&M,Texas A&M,X,,
Schmidt,Texas A&M Commerce,East Texas A&M,X,,
Schmidt,Texas A&M International,Texas A&M-International,X,,
Schmidt,Texas A&M University - Corpus Christi,Texas A&M-Corpus Christi,X,,
Schmidt,Texas A&M University-Kingsville,Texas A&M-Kingsville,X,,
Schmidt,Texas A&M-Commerce,East Texas A&M,X,,
Schmidt,Texas A&M-Corpus Christi,Texas A&M-Corpus Christi,X,,
Schmidt,Texas A&M-International,Texas A&M-International,X,,
Schmidt,Texas A&M-Kingsville,Texas A&M-Kingsville,X,,
Schmidt,Texas A&M–Commerce,East Texas A&M,X,,
Schmidt,Texas Christian,TCU,X,,
Schmidt,Texas Southern,Texas Southern,X,,
Schmidt,Texas Southern University,Texas Southern ,X,,
Schmidt,Texas State,Texas State,X,,
Schmidt,Texas Tech,Texas Tech,X,,
Schmidt,Texas Woman's University,Texas Woman's ,X,,Not sure how we want to word this one since Texas Women's sounds weird
Schmidt,Texas-Arlington,Texas-Arlington,X,,
Schmidt,Texas-El Paso,UTEP,X,,
Schmidt,Texas-Pan American,Texas Rio Grande Valley,X,,
Schmidt,Texas-San Antonio,UTSA,X,,
Schmidt,The College of New Jersey,TCNJ,,,
Schmidt,Thomas More,Thomas More,X,,
Schmidt,Thomas More College,Thomas More ,X,,
Schmidt,Three Rivers College,Three Rivers,X,,
Schmidt,Tiffin,Tiffin,X,,
Schmidt,Toledo,Toledo,X,,
Schmidt,Toronto Raptors,Toronto Raptors (NBA),X,,
Schmidt,Tougaloo College,Tougaloo,X,,
Schmidt,Towson,Towson,X,,
Schmidt,Transylvania,Transylvania,X,,
Schmidt,Transylvania University,Transylvania,X,,
Schmidt,Trinidad State College,Trinidad State CC,X,,
Schmidt,Trinidad State Junior College,Trinidad State CC,X,,
Schmidt,Trinity College,Trinity,X,,
Schmidt,Trinity International,Trinity International,X,,
Schmidt,Trinity International University,Trinity International,X,,
Schmidt,Trinity University,Trinity,X,,this is different from the trinity college that was above so not sure how we want to differentiate 
Schmidt,Trinity Valley Community College,Trinity Valley CC,X,,
Schmidt,Triton College,Triton ,X,,
Schmidt,Troy,Troy,X,,
Schmidt,Troy University,Troy,X,,
Schmidt,Truett McConnell University,Truett McConnell ,X,,
Schmidt,Truman State,Truman State,X,,
Schmidt,Tufts,Tufts,X,,
Schmidt,Tufts University,Tufts ,X,,
Schmidt,Tulane,Tulane,X,,
Schmidt,Tulsa,Tulsa,X,,
Schmidt,Tulsa Shock,Tulsa Shock (Former WNBA team),X,,Not sure if we want to keep this since they no longer exist
Schmidt,Tusculum College,Tusculum,X,,
Schmidt,Tuskegee,Tuskegee,X,,
Schmidt,Tuskegee University,Tuskegee ,X,,
Schmidt,Tyne Metropolitan,Tyne Metropolitan,X,,
Schmidt,U.S. Merchant Marine Academy,U.S. Merchant Marine ,X,,
Schmidt,U.S. Military Academy,U.S. Military ,X,,
Schmidt,U.S. Naval Academy,U.S. Naval ,X,,
Schmidt,UA Pine Bluff,Arkansas-Pine Bluff,X,,
Schmidt,UAB,UAB,X,,
Schmidt,UALR,Arkansas-Litte Rock,X,,
Schmidt,UAlbany,Albany,X,,
Schmidt,UC Berkeley,UC Berkeley,X,,
Schmidt,UC Davis,UC Davis,X,,
Schmidt,UC Irvine,UC Irvine,X,,
Schmidt,UC Riverside,UC Riverside,X,,
Schmidt,UC San Diego,UC San Diego,X,,
Schmidt,UC Santa Barbara,UC Santa Barbara,X,,
Schmidt,UC-Irvine,UC Irvine,X,,
Schmidt,UC-Santa Barbara,UC Santa Barbara,X,,
Schmidt,UCF,UCF,X,,
Schmidt,UCLA,UCLA,X,,
Schmidt,UConn,UConn,X,,
Schmidt,UIC,Illinois-Chicago,X,,
Schmidt,UIndy,Indianapolis,X,,
Schmidt,UL-Monroe,UL-Monroe,X,,
Schmidt,ULM,UL-Monroe,X,,
Schmidt,UMBC,UMBC,X,,
Schmidt,UMKC,Missouri-Kansas City,X,,
Schmidt,UMass,UMass,X,,
Schmidt,UMass Amherst,UMass Amherst,X,,
Schmidt,UMass Boston,UMass Boston,X,,
Schmidt,UMass Dartmouth,UMass Dartmouth,X,,
Schmidt,UMass Lowell,UMass Lowell,X,,
Schmidt,UMass-Lowell,UMass Lowell,X,,
Schmidt,UNC Asheville,UNC Asheville,X,,
Schmidt,UNC Chapel Hill,UNC Chapel Hill,X,,
Schmidt,UNC Charlotte,UNC Charlotte,X,,
Schmidt,UNC Greensboro,UNC Greensboro,X,,
Schmidt,UNC Wilmington,UNC Wilmington,X,,
Schmidt,UNCG,UNC Greensboro,X,,
Schmidt,UNCW,UNC Wilmington,X,,
Schmidt,UNI,Northern Iowa,X,,
Schmidt,UNLV,UNLV,X,,
Schmidt,US Army,US Army,X,,
Schmidt,USC,USC,X,,
Schmidt,USC Spartanburg,USC Spartanburg,X,,
Schmidt,USC Upstate,USC Upstate,X,,
Schmidt,USF,USF,X,,
Schmidt,UT Arlington,Texas-Arlington,X,,
Schmidt,UT Martin,Tennessee-Martin,X,,
Schmidt,UT Rio Grande Valley,Texas Rio Grande Valley,X,,
Schmidt,UT Tyler,UT-Tyler,X,,
Schmidt,UT-Permian Basin,UT-Permian Basin,X,,
Schmidt,UT-Rio Grande Valley,UT-Rio Grande Valley,X,,
Schmidt,UT-San Antonio,UT-San Antonio,X,,
Schmidt,UTA,UT-Arlington,X,,
Schmidt,UTEP,UTEP,X,,
Schmidt,UTRGV,Texas Rio Grande Valley,X,,
Schmidt,UTSA,UTSA,X,,
Schmidt,UW-La Crosse,UW-La Crosse,X,,
Schmidt,UW-Milwaukee,UW-Milwaukee,X,,
Schmidt,UW-Parkside,UW-Parkside,X,,
Schmidt,Union University,Union,X,,
Schmidt,United States Military Academy,U.S. Military ,X,,
Schmidt,United States Military Academy at West Point,U.S Military-West Point,X,,
Schmidt,United States Naval Academy,United States Naval ,X,,
Schmidt,University at Albany,Albany,X,,
Schmidt,University at Buffalo,Buffalo,X,,
Schmidt,University of Akron,Akron,X,,
Schmidt,University of Alabama,Alabama,X,,
Schmidt,University of Alabama-Huntsville,Alabama-Huntsville,X,,
Schmidt,University of Alaska Anchorage,Alaska Anchorage,X,,
Schmidt,University of Albany,Albany,X,,
Schmidt,University of Antelope Valley,Antelope Valley,X,,
Schmidt,University of Arkansas,Arkansas,X,,
Schmidt,University of Arkansas - Monticello,Arkansas-Monticello,X,,
Schmidt,University of Arkansas at Monticello,Arkansas-Monticello,X,,
Schmidt,University of Arkansas at Pine Bluff,Arkansas-Pine Bluff,X,,
Schmidt,University of Arkansas-Fort Smith,Arkansas-Fort Smith,X,,
Schmidt,University of Arkansas-Monticello,Arkansas-Monticello,X,,
Schmidt,University of Arkansas–Fort Smith,Arkansas–Fort Smith,X,,
Schmidt,University of Barcelona,University of Barcelona,X,X,No need to include international schools
Schmidt,University of Buffalo,Buffalo,X,,
Schmidt,University of California,California,X,,
Schmidt,"University of California, Santa Barbara",California-Santa Barbara,X,,
Schmidt,University of Central Arkansas,Central Arkansas,X,,
Schmidt,University of Central Missouri,Central Missouri,X,,
Schmidt,University of Charleston,Charleston,X,,
Schmidt,University of Chicago,Chicago,X,,
Schmidt,University of Cincinnati,Cincinnati,X,,
Schmidt,University of Colorado,Colorado,X,,
Schmidt,University of Colorado Colorado Springs,Colorado Springs,X,,
Schmidt,University of Connecticut,UConn,X,,
Schmidt,University of Dayton,Dayton,X,,
Schmidt,University of Delaware,Delaware,X,,
Schmidt,University of Denver,Denver,X,,
Schmidt,University of Detroit Mercy,Detroit Mercy,X,,
Schmidt,University of Evansville,Evansville,X,,
Schmidt,University of Florida,Florida,X,,
Schmidt,University of Great Falls,Great Falls,X,,
Schmidt,University of Hawaii Manoa,Hawaii,X,,
Schmidt,University of Health Sciences and Pharmacy,Health Sciences and Pharmacy,X,,Not sure if there's a better way to include this without using university
Schmidt,University of Houston,Houston,X,,
Schmidt,University of Idaho,Idaho,X,,
Schmidt,University of Illinois Springfield,Illinois-Springfield,X,,
Schmidt,University of Illinois-Chicago,Illinois-Chicago,X,,
Schmidt,University of Illinois-Springfield,Illinois-Springfield,X,,
Schmidt,University of Indianapolis,Indianapolis,X,,
Schmidt,University of Kentucky,Kentucky,X,,
Schmidt,University of La Verne,La Verne,X,,
Schmidt,University of Louisiana Monroe,UL-Monroe,X,,
Schmidt,University of Louisiana-Monroe,UL-Monroe,X,,
Schmidt,University of Louisville,Louisville,X,,
Schmidt,University of Maine,Maine,X,,
Schmidt,University of Mary,Mary,X,,
Schmidt,University of Maryland,Maryland,X,,
Schmidt,University of Maryland-Baltimore County,UMBC,X,,
Schmidt,University of Massachusetts,UMass,X,,
Schmidt,University of Massachusetts-Boston,UMass Boston,X,,
Schmidt,University of Memphis,Memphis,X,,
Schmidt,University of Miami,Miami,X,,
Schmidt,University of Miami (Fla.),Miami (Fla.),X,,
Schmidt,University of Michigan,Michigan,X,,
Schmidt,University of Michigan Dearborn,Michigan-Dearborn,X,,
Schmidt,University of Minnesota,Minnesota,X,,
Schmidt,University of Minnesota-Morris,Minnesota-Morris,X,,
Schmidt,University of Mississippi,Ole Miss,X,,
Schmidt,University of Missouri,Missouri,X,,
Schmidt,University of Missouri-Kansas City,Missouri-Kansas City,X,,
Schmidt,University of Missouri-St. Louis,Missouri-St. Louis,X,,
Schmidt,University of Mobile,Mobile,X,,
Schmidt,University of Montana,Montana,X,,
Schmidt,University of Montana Western,Montana-Western,X,,
Schmidt,University of Montevallo,Montevallo,X,,
Schmidt,University of Nebraska Omaha,Nebraska-Omaha,X,,
Schmidt,University of Nebraska at Kearney,Nebraska-Kearney,X,,
Schmidt,University of Nebraska-Omaha,Nebraska-Omaha,X,,
Williams,"University of Nevada, Reno","Nevada, Reno",,,
Williams,University of New Hampshire,New Hampshire,,,
Williams,University of New Haven,New Haven,,,
Williams,University of New Mexico,New Mexico,,,
Williams,University of North Carolina,UNC,,,
Williams,University of North Carolina Wilmington,North Carolina Wilmington,,,
Williams,University of North Florida,North Florida,,,
Williams,University of Northern Colorado,Northern Colorado,,,
Williams,University of Northwestern in Ohio,Northwestern in Ohio,,,
Williams,University of Oregon,Oregon,,,
Williams,University of Oxford,Oxford,,,
Williams,University of Pikeville,Pikeville,,,
Williams,University of Pittsburgh at Bradford,Pittsburgh at Bradford,,,
Williams,University of Portland,Portland,,,
Williams,University of Rhode Island,Rhode Island,,,
Williams,University of Richmond,Richmond,,,
Williams,University of Rochester,Rochester,,,
Williams,University of Saint Mary,Saint Mary,,,
Williams,University of San Diego,San Diego,,,
Williams,University of San Francisco,San Francisco,,,
Williams,University of Sioux Falls,Sioux Falls,,,
Williams,University of South Carolina,South Carolina,,,
Williams,"University of South Carolina, Aiken","South Carolina, Aiken",,,
Williams,University of Southern Mississippi,Southern Mississippi,,,
Williams,University of St. Francis,St. Francis,,,
Williams,University of St. Mark and St. John,University of St. Mark and St. John,,,
Williams,University of Tennessee,University of Tennessee,,,
Williams,University of Tennessee at Chattanooga,University of Tennessee at Chattanooga,,,
Williams,University of Texas,UT,,,
Williams,University of Texas Permian Basin,UT Permian Basin,,,
Williams,University of Texas Rio Grande Valley,UT Rio Grande Valley,,,
Williams,University of Texas at Austin,UT at Austin,,,
Williams,University of Texas at Odessa,University of Texas at Odessa,,,
Williams,University of Texas-Arlington,UT-Arlington,,,
Williams,University of Texas-Rio Grande Valley,UTRio Grande Valley,,,
Williams,University of Toledo,Toledo,,,
Williams,University of Utah,Utah,,,
Williams,University of Vermont,Vermont,,,
Williams,University of Virginia College at Wise,Virginia College at Wise,,,
Williams,University of Washington,Washington,,,
Williams,University of West Alabama,West Alabama,,,
Williams,University of West Georgia,West Georgia,,,
Williams,University of Wisconsin,Wisconsin,,,
Williams,University of Wisconsin-River Falls,Wisconsin-River Falls,,,
Williams,University of the Ozarks,Ozarks,,,
Williams,University of the Pacific,Pacific,,,
Williams,University of the Sciences,University of the Sciences,,,
Williams,Upper Iowa,Upper Iowa,,,
Williams,Upper Iowa University,Upper Iowa,,,
Williams,Urbana,Urbana,,,
Williams,Urbana University,Urbana,,,
Williams,Ursuline College,Ursuline College,,,
Williams,Utah,Utah,,,
Williams,Utah Jazz,Utah Jazz,,,
Williams,Utah Starzz,Utah Starzz,,,
Williams,Utah State,Utah State,,,
Williams,Utah Tech,Utah Tech,,,
Williams,Utah Tech University,Utah Tech University,,,
Williams,Utah Valley,Utah Valley,,,
Williams,Utah Valley University,Utah Valley,,,
Williams,VCU,VCU,,,
Williams,Valdosta State,Valdosta State,,,
Williams,Valencia College,Valencia College,,,
Williams,Valparaiso,Valparaiso,,,
Williams,Valpo,Valpo,,,
Williams,Vanderbilt,Vanderbilt,,,
Williams,Vanguard,Vanguard,,,
Williams,Vanguard University,Vanguard,,,
Williams,Vermont,Vermont,,,
Williams,Villa Maria Junior College,Villa Maria JC,,,
Williams,Villanova,Villanova,,,
Williams,Virginia,Virginia,,,
Williams,Virginia Commonwealth,VCU,,,
Williams,Virginia Commonwealth University,VCU,,,
Williams,Virginia Military Institute,Virginia Military Institute,,,
Williams,Virginia State,Virginia State,,,
Williams,Virginia Tech,Virginia Tech,,,
Williams,Virginia Union,Virginia Union,,,
Williams,Virginia University of Lynchburg,Virginia University of Lynchburg,,,
Williams,WNBA,WNBA,,,
Williams,Wabash Valley College,Wabash Valley College,,,
Williams,Wagner,Wagner,,,
Williams,Wagner College,Wagner College,,,
Williams,Wake Forest,Wake Forest,,,
Williams,Wake Technical Community College,Wake Technical CC,,,
Williams,Wallace State-Hanceville,Wallace State-Hanceville,,,
Williams,Walsh,Walsh,,,
Williams,Walsh University,Walsh,,,
Williams,Warner,Warner,,,
Williams,Warner Pacific,Warner Pacific,,,
Williams,Warren County,Warren County,,,
Williams,Wartburg,Wartburg,,,
Williams,Wartburg College,Wartburg College,,,
Williams,Washington,Washington,,,
Williams,Washington & Jefferson College,Washington & Jefferson College,,,
Williams,Washington Adventist University,Washington Adventist University,,,
Williams,Washington College of Maryland,Washington College of Maryland,,,
Williams,Washington Mystics,Washington Mystics,,,
Williams,Washington State,Washington State,,,
Williams,Washington University in St. Louis,Washington University in St. Louis,,,
Williams,Washington Wizards,Washington Wizards,,,
Williams,Washington Wizards/Washington Mystics,Washington Wizards/Washington Mystics,,,
Williams,Washington and Jefferson,Washington and Jefferson,,,
Williams,Washington and Lee,Washington and Lee,,,
Williams,Wayne County Community College,Wayne County CC,,,
Williams,Wayne State,Wayne State,,,
Williams,Wayne State College,Wayne State College,,,
Williams,Wayne State University,Wayne State,,,
Williams,Waynesburg,Waynesburg,,,
Williams,Waynesburg University,Waynesburg,,,
Williams,Wayzata,Wayzata,,,
Williams,Webber International University,Webber International,,,
Williams,Weber State,Weber State,,,
Williams,Webster,Webster,,,
Williams,Wesleyan,Wesleyan,,,
Williams,West Chester,West Chester,,,
Williams,West Florida,West Florida,,,
Williams,West Georgia,West Georgia,,,
Williams,West Los Angeles College,West Los Angeles College,,,
Williams,West Point,West Point,,,
Williams,West Texas A&M,West Texas A&M,,,
Williams,West Virginia,West Virginia,,,
Williams,West Virginia State,West Virginia State,,,
Williams,West Virginia Tech,West Virginia Tech,,,
Williams,West Virginia University,West Virginia,,,
Williams,West Virginia Wesleyan,West Virginia Wesleyan,,,
Williams,Western Carolina,Western Carolina,,,
Williams,Western Colorado,Western Colorado,,,
Williams,Western Illinois,Western Illinois,,,
Williams,Western Kentucky,Western Kentucky,,,
Williams,Western Kentucky University,Western Kentucky,,,
Williams,Western Michigan,Western Michigan,,,
Williams,Western Michigan University,Western Michigan,,,
Williams,Western Nebraska Community College,Western Nebraska CC,,,
Williams,Western New Mexico,Western New Mexico,,,
Williams,Western New Mexico University,Western New Mexico,,,
Williams,Western Oregon,Western Oregon,,,
Williams,Western State College,Western State College,,,
Williams,Western Texas,Western Texas,,,
Williams,Western Texas College,Western Texas College,,,
Williams,Westminster,Westminster,,,
Williams,Westminster College,Westminster College,,,
Williams,Westminster University,Westminster,,,
Williams,Westmont,Westmont,,,
Williams,Westmont College,Westmont College,,,
Williams,Weston,Weston,,,
Williams,Wheaton College (Mass.),Wheaton College (Mass.),,,
Williams,Wheeling University,Wheeling,,,
Williams,Wheelock College,Wheelock College,,,
Williams,Whitworth,Whitworth,,,
Williams,Wichita State,Wichita State,,,
Williams,Wichita State University,Wichita State,,,
Williams,Widener,Widener,,,
Williams,Wiley College,Wiley College,,,
Williams,Willamette,Willamette,,,
Williams,William & Mary,William & Mary,,,
Williams,William Carey,William Carey,,,
Williams,William Jewell,William Jewell,,,
Williams,William Paterson University,William Paterson,,,
Williams,William Penn,William Penn,,,
Williams,William Penn University,William Penn,,,
Williams,William Woods,William Woods,,,
Williams,William Woods University,William Woods,,,
Williams,William and Mary,William and Mary,,,
Williams,Williams College,Williams College,,,
Williams,Williston State College,Williston State,,,
Williams,Wilmington,Wilmington,,,
Williams,Wilmington College,Wilmington,,,
Williams,Wingate,Wingate,,,
Williams,Wingate University,Wingate University,,,
Williams,Winona State,Winona State,,,
Williams,Winston-Salem State,Winston-Salem State,,,
Williams,Winston-Salem State University,Winston-Salem State,,,
Williams,Winthrop,Winthrop,,,
Williams,Winthrop University,Winthrop,,,
Williams,Wisconsin,Wisconsin,,,
Williams,Wisconsin-Platteville,Wisconsin-Platteville,,,
Williams,Wittenberg,Wittenberg,,,
Williams,Wittenberg University,Wittenberg,,,
Williams,Wofford,Wofford,,,
Williams,Woodbury,Woodbury,,,
Williams,Woodward,Woodward,,,
Williams,Wright State,Wright State,,,
Williams,Wyoming,Wyoming,,,
Williams,Xavier,Xavier,,,
Williams,Xavier University,Xavier University,,,
Williams,Yale,Yale,,,
Williams,Youngstown State,Youngstown State,,,